Image,Caption
DC0001.jpg,a man walking his dog across the street
DC0002.jpg,a woman and a child walking down a street
DC0003.jpg,a woman is escorted by police officers
DC0004.jpg,a man and woman crossing the street with a cane
DC0005.jpg,a man and woman walking down a sidewalk
DC0006.jpg,a man with a broom and a broom on the sidewalk
DC0007.jpg,a man walking his dog on a leash
DC0008.jpg,a man is walking with a golf club
DC0009.jpg,a young boy is walking across the street with a golf club
DC0010.jpg,a man standing on a platform with a stick
DC0011.jpg,a woman walking a dog down a sidewalk
DC0012.jpg,a man with a cane walking down the street
DC0013.jpg,a man in a suit and tie walking down a sidewalk
DC0014.jpg,a man walking a dog
DC0015.jpg,a man walking down a sidewalk with a cane
DC0016.jpg,a man walking down the street with a cane
DC0017.jpg,a man walking down the street with a cane
DC0018.jpg,a woman kneeling down to pet a dog
DC0019.jpg,a little girl standing on the steps of a building
DC0020.jpg,a man taking a picture of a dog
DC0021.jpg,a man sitting on the grass with a dog
DC0022.jpg,a man sitting on a bench with a dog
DC0023.jpg,a woman crosses a street in beijing
DC0024.jpg,a man walking across a crosswalk with a cane
DC0025.jpg,a man walking down the street with a cane
DG0001.jpg,a man walking his dog across the street
DG0002.jpg,a group of people running in a marathon
DG0003.jpg,a man walking a dog down the street
DG0004.jpg,a man walking his dog across the street
DG0005.jpg,a man walking a dog down a mall
DG0006.jpg,a woman walking her dog across a crosswalk
DG0007.jpg,a woman walking a dog
DG0008.jpg,a woman walking a dog on a leash
DG0009.jpg,two people walking their dog on a leash
DG0010.jpg,a man walking a dog down a sidewalk
DG0011.jpg,a man walking his dog down the stairs stock images
DG0012.jpg,a woman is walking down the escalator with her dog stock images
DG0013.jpg,a man is sitting on the ground with his dog
DG0014.jpg,a woman walking her dog on a leash in the park stock images
DG0015.jpg,two women walking a dog in a garden
DG0016.jpg,a woman walking her dog on a leash
DG0017.jpg,a man walking a dog down the street
DG0018.jpg,a man in a suit and tie walking his dog across the street - stock image
DG0019.jpg,a man walking a dog on a leash
DG0020.jpg,a dog running in a race with people
DG0021.jpg,a man walking his dog down a sidewalk
DG0022.jpg,a woman walking a dog across a crosswalk
DG0023.jpg,a woman walking her dog in the park
DG0024.jpg,a man walking a dog down a sidewalk
DG0025.jpg,a man walking a dog through the woods
DW0001.jpg,a man in a wheelchair on a path
DW0002.jpg,a man in a wheelchair with a chinese flag
DW0003.jpg,a man in a wheelchair in a hospital hallway
DW0004.jpg,a woman in a wheelchair with a young girl in a wheelchair
DW0005.jpg,a woman in a wheelchair playing tennis
DW0006.jpg,a woman in a wheelchair
DW0007.jpg,a man in a wheelchair with a stel
DW0008.jpg,a man in a wheelchair sits in a room
DW0009.jpg,a woman in a wheelchair with headphones on
DW0010.jpg,a woman in a wheelchair in the snow
DW0011.jpg,a young boy in a wheelchair playing tennis
DW0012.jpg,a man in a wheelchair outside
DW0013.jpg,a woman in a wheelchair with an elderly man in a park
DW0014.jpg,a man in a wheelchair
DW0015.jpg,a young girl in a wheelchair in a hospital hallway
DW0016.jpg,a man in a wheelchair
DW0017.jpg,a man in a wheelchair with a broken leg
DW0018.jpg,a man in a wheelchair with his head in his hands
DW0019.jpg,a man in a wheelchair taking a photo of a park
DW0020.jpg,a man in a wheelchair
DW0021.jpg,a man in a wheelchair
DW0022.jpg,a man in a wheelchair looking out the window
DW0023.jpg,a man in a wheelchair sits on the floor
DW0024.jpg,a little girl in a wheelchair
DW0025.jpg,young woman in wheelchair waiting for bus stock photos
SpB0001.jpg,a little girl playing with a basketball ball
SpB0002.jpg,two young girls playing basketball in a gym
SpB0003.jpg,a young boy playing basketball on a court
SpB0004.jpg,two young boys playing basketball on a court
SpB0005.jpg,a woman in a black and yellow uniform is trying to get the ball from a woman in a purple
SpB0006.jpg,a man jumping in the air with a basketball ball
SpB0007.jpg,a group of people playing basketball on a court
SpB0008.jpg,a young boy playing basketball on a court
SpB0009.jpg,three young girls playing basketball on a court
SpB0010.jpg,a young boy playing with a ball in the playground royalty image
SpB0011.jpg,group of young women playing basketball in gym stock photo
SpB0012.jpg,group of young children playing basketball in the park
SpB0013.jpg,an older man and an older man playing basketball on a court
SpB0014.jpg,an older man playing basketball with his grandson
SpB0015.jpg,young couple playing basketball on court
SpB0016.jpg,two young children playing basketball on a basketball court
SpB0017.jpg,a young girl in a blue uniform holding a basketball ball
SpB0018.jpg,a man and a little girl playing basketball in a gym stock images
SpB0019.jpg,a basketball player is going to the basket
SpB0020.jpg,two men playing basketball on an outdoor court
SpB0021.jpg,a woman holding a basketball ball
SpB0022.jpg,a group of women playing basketball in a game
SpB0023.jpg,senior couple playing basketball on a court stock photo
SpB0024.jpg,young couple playing basketball on court - stock image
SpB0025.jpg,a woman standing on a basketball court with a ball
SpS0001.jpg,a woman kicking a soccer ball on a field
SpS0002.jpg,a girl kicking a soccer ball on a field
SpS0003.jpg,children playing soccer on a field
SpS0004.jpg,a group of men playing soccer on a field
SpS0005.jpg,a woman in a white uniform is playing soccer
SpS0006.jpg,a man running after a soccer ball on a field
SpS0007.jpg,a girl kicking a soccer ball on a field
SpS0008.jpg,a soccer player kicking a soccer ball
SpS0009.jpg,a soccer player in action on the field
SpS0010.jpg,a girl in a red uniform
SpS0011.jpg,a woman kicking a soccer ball on a field
SpS0012.jpg,a girl in a white uniform
SpS0013.jpg,a girl kicking a soccer ball on a field
SpS0014.jpg,a man wearing a black shirt
SpS0015.jpg,a group of young people playing soccer on a field
SpS0016.jpg,a young boy kicking a soccer ball
SpS0017.jpg,a soccer player is lying on the ground while his team watches
SpS0018.jpg,a girl kicking a soccer ball on a field
SpS0019.jpg,a young boy kicking a soccer ball on a field
SpS0020.jpg,children playing soccer on a field
SpS0021.jpg,a man kicking a soccer ball on a field
SpS0022.jpg,a man in a black shirt
SpS0023.jpg,a group of young girls playing soccer on a field
SpS0024.jpg,two men playing soccer on a field
SpS0025.jpg,a young girl kicking a soccer ball on a field
DC0001_CO.jpg,a man crossing the street
DC0002_CO.jpg,a woman and a child walking down a street
DC0003_CO.jpg,a man in a police uniform is escorted by a woman
DC0004_CO.jpg,a man and woman crossing the street
DC0005_CO.jpg,a man and woman walking down a sidewalk
DC0006_CO.jpg,a man in a suit and sunglasses walking down a sidewalk
DC0007_CO.jpg,a man walking his dog on a leash
DC0008_CO.jpg,a man walking across a street with a car behind him
DC0009_CO.jpg,a young boy walking across a street in a green shirt
DC0010_CO.jpg,a group of people standing on a subway platform
DC0011_CO.jpg,two people walking down a sidewalk
DC0012_CO.jpg,a man walking down the sidewalk in front of a building
DC0013_CO.jpg,a man in a suit and tie walking through a glass door
DC0014_CO.jpg,a man standing next to a dog
DC0015_CO.jpg,a man walking down a sidewalk holding a flower
DC0016_CO.jpg,a man standing on a sidewalk with a yellow sign
DC0017_CO.jpg,a man walking down the street in the city
DC0018_CO.jpg,a woman is petting a dog on the street
DC0019_CO.jpg,a little girl standing in front of a door
DC0020_CO.jpg,a man in a vest and sunglasses petting a dog
DC0021_CO.jpg,a man in a vest and sunglasses petting a dog
DC0022_CO.jpg,a man sitting on a bench with a dog
DC0023_CO.jpg,a woman crossing a street in the city
DC0024_CO.jpg,a man walking across a crosswalk on a street
DC0025_CO.jpg,a man walking down the street in a city
DG0001_CO.jpg,a man with a cane walking across the street
DG0002_CO.jpg,a group of people running in a marathon
DG0003_CO.jpg,a man walking across a street in a parking lot
DG0004_CO.jpg,a man in a vest and sunglasses walking across a street
DG0005_CO.jpg,a man walking down a hallway with a bunch of people
DG0006_CO.jpg,a woman in a pink jacket and sunglasses rides a sc sc sc sc sc sc sc sc sc sc
DG0007_CO.jpg,two people walking down a sidewalk
DG0008_CO.jpg,a woman is running on a train platform
DG0009_CO.jpg,two people walking down the street
DG0010_CO.jpg,a man walking down a sidewalk with a frc
DG0011_CO.jpg,a man with a cane walking down the stairs royalty image
DG0012_CO.jpg,a woman in a purple jacket and jeans is walking up the stairs with a cane in her hand stock
DG0013_CO.jpg,a man is cleaning the sidewalk with a broom
DG0014_CO.jpg,a woman walking with a cane in the street stock images
DG0015_CO.jpg,two women walking down a path in a garden
DG0016_CO.jpg,a woman in a blue dress and sunglasses walking along the water
DG0017_CO.jpg,a man walking down the street with a tennis racket
DG0018_CO.jpg,a businessman with a cane walking across the street - stock image
DG0019_CO.jpg,a man running in a field
DG0020_CO.jpg,a group of people running in a race
DG0021_CO.jpg,a man walking his dog down the sidewalk
DG0022_CO.jpg,a woman is walking her dog on the street
DG0023_CO.jpg,a woman walking with a cane in the park
DG0024_CO.jpg,a man in a suit walking down a sidewalk
DG0025_CO.jpg,a dog running through a forest with leaves
DW0001_CO.jpg,a man in a wheelchair on a dirt road
DW0002_CO.jpg,a man is doing a trick on a skateboard
DW0003_CO.jpg,a man in scrubs sits on a hospital floor
DW0004_CO.jpg,an old woman is sitting on the ground with her granddaughter stock images
DW0005_CO.jpg,a woman is jumping in the air with a tennis racket
DW0006_CO.jpg,a woman in a striped shirt and black pants
DW0007_CO.jpg,a man in a white shirt and blue pants sits on the floor
DW0008_CO.jpg,a man sitting in a wheelchair in a room
DW0009_CO.jpg,a woman sitting on the sidewalk wearing headphones
DW0010_CO.jpg,a young boy playing in the snow
DW0011_CO.jpg,a woman swinging a tennis racket
DW0012_CO.jpg,a man in a lab coat sitting on a ledge
DW0013_CO.jpg,a man and woman sitting on a bench in a park
DW0014_CO.jpg,a man in a wheelchair
DW0015_CO.jpg,a young girl sitting on the floor in a hospital hallway
DW0016_CO.jpg,a man in a blue shirt and black pants is doing a trick
DW0017_CO.jpg,a man sitting on a bench with his feet in the grass
DW0018_CO.jpg,a man sitting on a couch with his laptop
DW0019_CO.jpg,a boy is sitting on a skateboard in the park
DW0020_CO.jpg,a man sitting on a cloud
DW0021_CO.jpg,a man in a denim jacket and sunglasses is sitting on a bench
DW0022_CO.jpg,a man sitting on a chair in a room
DW0023_CO.jpg,a man sitting on the floor in front of a computer
DW0024_CO.jpg,a little girl is jumping in the air
DW0025_CO.jpg,young woman in pink jacket jumping on the street stock images
SpB0001_CO.jpg,a little girl in a red sweater and black pants
SpB0002_CO.jpg,two young girls playing basketball on a court
SpB0003_CO.jpg,a young boy playing basketball on a court
SpB0004_CO.jpg,two young girls playing basketball on a court
SpB0005_CO.jpg,a woman in a black and yellow uniform is trying to get the ball
SpB0006_CO.jpg,a basketball player jumping up into the air
SpB0007_CO.jpg,a group of people playing basketball on a court
SpB0008_CO.jpg,a young boy in a blue hat and orange jacket playing basketball
SpB0009_CO.jpg,two girls playing basketball on a court
SpB0010_CO.jpg,a young boy is playing basketball on the playground royalty footage
SpB0011_CO.jpg,a group of young women in basketball uniforms talking to each other women
SpB0012_CO.jpg,group of kids playing basketball in the park
SpB0013_CO.jpg,an older man and an older man playing basketball on a court
SpB0014_CO.jpg,an older man and a young boy playing basketball
SpB0015_CO.jpg,young couple playing basketball on a court
SpB0016_CO.jpg,two young children playing on a skateboard
SpB0017_CO.jpg,a group of young girls playing basketball
SpB0018_CO.jpg,a man and a little girl playing basketball in a gym stock images
SpB0019_CO.jpg,a basketball player is going to dun the ball
SpB0020_CO.jpg,two men playing basketball on a court
SpB0021_CO.jpg,a woman in a blue and white uniform
SpB0022_CO.jpg,a group of women playing basketball in a game
SpB0023_CO.jpg,senior couple playing basketball on a sports court
SpB0024_CO.jpg,two young women playing tennis on a court - stock image
SpB0025_CO.jpg,a woman standing on a tennis court holding a tennis racket
SpS0001_CO.jpg,a woman kicking a soccer ball on a field
SpS0002_CO.jpg,a girl kicking a soccer ball on a field
SpS0003_CO.jpg,children playing soccer on a field
SpS0004_CO.jpg,a group of men playing soccer on a field
SpS0005_CO.jpg,a female soccer player in white uniform running on a field
SpS0006_CO.jpg,a soccer player running after a ball
SpS0007_CO.jpg,a girl kicking a soccer ball on a field
SpS0008_CO.jpg,a soccer player kicking a soccer ball
SpS0009_CO.jpg,a soccer player in action on the field
SpS0010_CO.jpg,a girl in a red uniform
SpS0011_CO.jpg,a woman kicking a soccer ball on a field
SpS0012_CO.jpg,a girl in a white uniform
SpS0013_CO.jpg,a girl kicking a soccer ball on a field
SpS0014_CO.jpg,a man wearing a black shirt
SpS0015_CO.jpg,a group of people playing soccer on a field
SpS0016_CO.jpg,a young boy in a white shirt and blue shorts plays soccer
SpS0017_CO.jpg,a man is laying on the ground
SpS0018_CO.jpg,a girl kicking a soccer ball on a field
SpS0019_CO.jpg,a young boy kicking a soccer ball on a field
SpS0020_CO.jpg,children playing soccer on a field
SpS0021_CO.jpg,a man in a black shirt is kicking a soccer ball
SpS0022_CO.jpg,a man in a black shirt and shorts playing soccer
SpS0023_CO.jpg,a group of young girls playing soccer on a field
SpS0024_CO.jpg,two men playing soccer
SpS0025_CO.jpg,a young girl kicking a soccer ball on a field
